PMID,Title,Authors,Citation,First Author,Journal/Book,Publication Year,Create Date,PMCID,NIHMS ID,DOI
33664343,Transfer learning for ECG classification,"Weimann K, Conrad TOF.",Sci Rep. 2021 Mar 4;11(1):5251. doi: 10.1038/s41598-021-84374-8.,Weimann K,Sci Rep,2021,2021/3/5,PMC7933237,,10.1038/s41598-021-84374-8
40093248,Foundation models for generalizable electrocardiogram interpretation: comparison of supervised and self-supervised electrocardiogram foundation models,"Nolin-Lapalme A, Sowa A, Delfrate J, Tastet O, Corbin D, Kulbay M, Ozdemir D, Noël MJ, Marois-Blanchet FC, Harvey F, Sharma S, Ansari M, Chiu IM, Dsouza V, Friedman SF, Chassé M, Potter BJ, Afilalo J, Elias PA, Jabbour G, Bahani M, Dubé MP, Boyle PM, Chatterjee NA, Barrios J, Tison GH, Ouyang D, Maddah M, Khurshid S, Cadrin-Tourigny J, Tadros R, Hussin J, Avram R.",medRxiv [Preprint]. 2025 Mar 5:2025.03.02.25322575. doi: 10.1101/2025.03.02.25322575.,Nolin-Lapalme A,medRxiv,2025,2025/3/17,PMC11908279,,10.1101/2025.03.02.25322575
37262112,An Efficient and Private ECG Classification System Using Split and Semi-Supervised Learning,"Ayad A, Barhoush M, Frei M, Volker B, Schmeink A.",IEEE J Biomed Health Inform. 2023 Sep;27(9):4261-4272. doi: 10.1109/JBHI.2023.3281977. Epub 2023 Sep 6.,Ayad A,IEEE J Biomed Health Inform,2023,2023/6/1,,,10.1109/JBHI.2023.3281977
39694017,Foundation model of ECG diagnosis: Diagnostics and explanations of any form and rhythm on ECG,"Tian Y, Li Z, Jin Y, Wang M, Wei X, Zhao L, Liu Y, Liu J, Liu C.",Cell Rep Med. 2024 Dec 17;5(12):101875. doi: 10.1016/j.xcrm.2024.101875.,Tian Y,Cell Rep Med,2024,2024/12/18,PMC11722092,,10.1016/j.xcrm.2024.101875
36671638,Unsupervised Learning-Based Non-Invasive Fetal ECG Muti-Level Signal Quality Assessment,"Shi X, Yamamoto K, Ohtsuki T, Matsui Y, Owada K.",Bioengineering (Basel). 2023 Jan 4;10(1):66. doi: 10.3390/bioengineering10010066.,Shi X,Bioengineering (Basel),2023,2023/1/21,PMC9854747,,10.3390/bioengineering10010066
39576291,Self-Supervised Learning for Near-Wild Cognitive Workload Estimation,"Rafiei MH, Gauthier LV, Adeli H, Takabi D.",J Med Syst. 2024 Nov 22;48(1):107. doi: 10.1007/s10916-024-02122-7.,Rafiei MH,J Med Syst,2024,2024/11/22,,,10.1007/s10916-024-02122-7
35226604,Unsupervised ECG Analysis: A Review,"Nezamabadi K, Sardaripour N, Haghi B, Forouzanfar M.",IEEE Rev Biomed Eng. 2023;16:208-224. doi: 10.1109/RBME.2022.3154893. Epub 2023 Jan 5.,Nezamabadi K,IEEE Rev Biomed Eng,2023,2022/2/28,,,10.1109/RBME.2022.3154893
40771651,An Electrocardiogram Foundation Model Built on over 10 Million Recordings,"Li J, Aguirre AD, Moura V, Jin J, Liu C, Zhong L, Sun C, Clifford G, Westover MB, Hong S.",NEJM AI. 2025 Jul;2(7):10.1056/aioa2401033. doi: 10.1056/aioa2401033. Epub 2025 Jun 26.,Li J,NEJM AI,2025,2025/8/7,PMC12327759,NIHMS2096769,10.1056/aioa2401033
34973584,Self-supervised representation learning from 12-lead ECG data,"Mehari T, Strodthoff N.",Comput Biol Med. 2022 Feb;141:105114. doi: 10.1016/j.compbiomed.2021.105114. Epub 2021 Dec 18.,Mehari T,Comput Biol Med,2022,2022/1/1,,,10.1016/j.compbiomed.2021.105114
34891331,A One-Dimensional Siamese Few-Shot Learning Approach for ECG Classification under Limited Data,"Li Z, Wang H, Liu X.",Annu Int Conf IEEE Eng Med Biol Soc. 2021 Nov;2021:455-458. doi: 10.1109/EMBC46164.2021.9630622.,Li Z,Annu Int Conf IEEE Eng Med Biol Soc,2021,2021/12/11,,,10.1109/EMBC46164.2021.9630622
40460597,ECG synthesis for cardiac arrhythmias: Integrating self-supervised learning and generative adversarial networks,"Simone L, Bacciu D, Gervasi V.",Artif Intell Med. 2025 Sep;167:103162. doi: 10.1016/j.artmed.2025.103162. Epub 2025 May 26.,Simone L,Artif Intell Med,2025,2025/6/3,,,10.1016/j.artmed.2025.103162
38244469,Towards federated transfer learning in electrocardiogram signal analysis,"Chorney W, Wang H.",Comput Biol Med. 2024 Mar;170:107984. doi: 10.1016/j.compbiomed.2024.107984. Epub 2024 Jan 17.,Chorney W,Comput Biol Med,2024,2024/1/20,,,10.1016/j.compbiomed.2024.107984
34891363,Self-Supervised Learning with Electrocardiogram Delineation for Arrhythmia Detection,"Lee BT, Kong ST, Song Y, Lee Y.",Annu Int Conf IEEE Eng Med Biol Soc. 2021 Nov;2021:591-594. doi: 10.1109/EMBC46164.2021.9630364.,Lee BT,Annu Int Conf IEEE Eng Med Biol Soc,2021,2021/12/11,,,10.1109/EMBC46164.2021.9630364
38307308,Does spatiotemporal dispersion indicate a patient-unique fingerprint or a generic characteristic of persistent atrial fibrillation?,"Roney C, Honarbakhsh S.",Heart Rhythm. 2024 May;21(5):553-554. doi: 10.1016/j.hrthm.2024.01.055. Epub 2024 Feb 1.,Roney C,Heart Rhythm,2024,2024/2/2,,,10.1016/j.hrthm.2024.01.055
37851553,Deep Representation Learning With Sample Generation and Augmented Attention Module for Imbalanced ECG Classification,"Zubair M, Woo S, Lim S, Kim D.",IEEE J Biomed Health Inform. 2024 May;28(5):2461-2472. doi: 10.1109/JBHI.2023.3325540. Epub 2024 May 6.,Zubair M,IEEE J Biomed Health Inform,2024,2023/10/18,,,10.1109/JBHI.2023.3325540
36409802,Generalized Generative Deep Learning Models for Biosignal Synthesis and Modality Transfer,"Dissanayake T, Fernando T, Denman S, Sridharan S, Fookes C.",IEEE J Biomed Health Inform. 2023 Feb;27(2):968-979. doi: 10.1109/JBHI.2022.3223777. Epub 2023 Feb 3.,Dissanayake T,IEEE J Biomed Health Inform,2023,2022/11/21,,,10.1109/JBHI.2022.3223777
38301518,A multi-module algorithm for heartbeat classification based on unsupervised learning and adaptive feature transfer,"Wang Y, Hu S, Liu J, Zhong G, Yang C.",Comput Biol Med. 2024 Mar;170:108072. doi: 10.1016/j.compbiomed.2024.108072. Epub 2024 Jan 28.,Wang Y,Comput Biol Med,2024,2024/2/1,,,10.1016/j.compbiomed.2024.108072
33571084,ECG Beat Representation and Delineation by Means of Variable Projection,"Bock C, Kovacs P, Laguna P, Meier J, Huemer M.",IEEE Trans Biomed Eng. 2021 Oct;68(10):2997-3008. doi: 10.1109/TBME.2021.3058781. Epub 2021 Sep 20.,Bock C,IEEE Trans Biomed Eng,2021,2021/2/11,,,10.1109/TBME.2021.3058781
35157695,"Patient contrastive learning: A performant, expressive, and practical approach to electrocardiogram modeling","Diamant N, Reinertsen E, Song S, Aguirre AD, Stultz CM, Batra P.",PLoS Comput Biol. 2022 Feb 14;18(2):e1009862. doi: 10.1371/journal.pcbi.1009862. eCollection 2022 Feb.,Diamant N,PLoS Comput Biol,2022,2022/2/14,PMC8880931,,10.1371/journal.pcbi.1009862
38992808,Uncovering STEMI patient phenotypes using unsupervised machine learning,"Chunta A, Miller RJH.",Int J Cardiol. 2024 Oct 15;413:132346. doi: 10.1016/j.ijcard.2024.132346. Epub 2024 Jul 9.,Chunta A,Int J Cardiol,2024,2024/7/11,,,10.1016/j.ijcard.2024.132346
33835916,Echo-SyncNet: Self-Supervised Cardiac View Synchronization in Echocardiography,"Dezaki FT, Luong C, Ginsberg T, Rohling R, Gin K, Abolmaesumi P, Tsang T.",IEEE Trans Med Imaging. 2021 Aug;40(8):2092-2104. doi: 10.1109/TMI.2021.3071951. Epub 2021 Jul 30.,Dezaki FT,IEEE Trans Med Imaging,2021,2021/4/9,,,10.1109/TMI.2021.3071951
32421087,Event-Driven ECG Sensor in Healthcare Devices for Data Transfer Optimization,"Ben-Romdhane M, Maalej A, Tlili M, Rebai C, Rivet F, Dallet D.",Arab J Sci Eng. 2020;45(8):6361-6387. doi: 10.1007/s13369-020-04483-w. Epub 2020 Mar 31.,Ben-Romdhane M,Arab J Sci Eng,2020,2020/5/19,PMC7223297,,10.1007/s13369-020-04483-w
36981911,ECG-Based Semi-Supervised Anomaly Detection for Early Detection and Monitoring of Epileptic Seizures,"Karasmanoglou A, Antonakakis M, Zervakis M.",Int J Environ Res Public Health. 2023 Mar 12;20(6):5000. doi: 10.3390/ijerph20065000.,Karasmanoglou A,Int J Environ Res Public Health,2023,2023/3/29,PMC10049350,,10.3390/ijerph20065000
31946810,Cardiovascular disease diagnosis using cross-domain transfer learning,"Tadesse GA, Zhu T, Liu Y, Zhou Y, Chen J, Tian M, Clifton D.",Annu Int Conf IEEE Eng Med Biol Soc. 2019 Jul;2019:4262-4265. doi: 10.1109/EMBC.2019.8857737.,Tadesse GA,Annu Int Conf IEEE Eng Med Biol Soc,2019,2020/1/18,,,10.1109/EMBC.2019.8857737
38640904,Enhancing ECG signal classification through pre-trained stacked-CNN embeddings: a transfer learning approach,"Benchaira K, Bitam S.",Biomed Phys Eng Express. 2024 May 9;10(4). doi: 10.1088/2057-1976/ad40b0.,Benchaira K,Biomed Phys Eng Express,2024,2024/4/19,,,10.1088/2057-1976/ad40b0
37343469,A data-efficient zero-shot and few-shot Siamese approach for automated diagnosis of left ventricular hypertrophy,"Farhad M, Masud MM, Beg A, Ahmad A, Ahmed LA, Memon S.",Comput Biol Med. 2023 Sep;163:107129. doi: 10.1016/j.compbiomed.2023.107129. Epub 2023 Jun 7.,Farhad M,Comput Biol Med,2023,2023/6/21,,,10.1016/j.compbiomed.2023.107129
40039094,ECG Abnormality Detection Using MIMIC-IV-ECG Data Via Supervised Contrastive Learning,"Nowroozilarki Z, Huang S, Khera R, Mortazavi BJ.",Annu Int Conf IEEE Eng Med Biol Soc. 2024 Jul;2024:1-4. doi: 10.1109/EMBC53108.2024.10782909.,Nowroozilarki Z,Annu Int Conf IEEE Eng Med Biol Soc,2024,2025/3/5,,,10.1109/EMBC53108.2024.10782909
36086629,Non-invasive Fetal ECG Signal Quality Assessment based on Unsupervised Learning Approach,"Shi X, Yamamoto K, Ohtsuki T, Matsui Y, Owada K.",Annu Int Conf IEEE Eng Med Biol Soc. 2022 Jul;2022:1296-1299. doi: 10.1109/EMBC48229.2022.9870908.,Shi X,Annu Int Conf IEEE Eng Med Biol Soc,2022,2022/9/10,,,10.1109/EMBC48229.2022.9870908
37948139,In-Distribution and Out-of-Distribution Self-Supervised ECG Representation Learning for Arrhythmia Detection,"Soltanieh S, Hashemi J, Etemad A.",IEEE J Biomed Health Inform. 2024 Feb;28(2):789-800. doi: 10.1109/JBHI.2023.3331626. Epub 2024 Feb 5.,Soltanieh S,IEEE J Biomed Health Inform,2024,2023/11/10,,,10.1109/JBHI.2023.3331626
39250357,ECG Biometric Authentication Using Self-Supervised Learning for IoT Edge Sensors,"Wang G, Shanker S, Nag A, Lian Y, John D.",IEEE J Biomed Health Inform. 2024 Nov;28(11):6606-6618. doi: 10.1109/JBHI.2024.3455803. Epub 2024 Nov 6.,Wang G,IEEE J Biomed Health Inform,2024,2024/9/9,,,10.1109/JBHI.2024.3455803
37028019,sCL-ST: Supervised Contrastive Learning With Semantic Transformations for Multiple Lead ECG Arrhythmia Classification,"Le D, Truong S, Brijesh P, Adjeroh DA, Le N.",IEEE J Biomed Health Inform. 2023 Jun;27(6):2818-2828. doi: 10.1109/JBHI.2023.3246241. Epub 2023 Jun 5.,Le D,IEEE J Biomed Health Inform,2023,2023/4/7,,,10.1109/JBHI.2023.3246241
38269618,Biometric contrastive learning for data-efficient deep learning from electrocardiographic images,"Sangha V, Khunte A, Holste G, Mortazavi BJ, Wang Z, Oikonomou EK, Khera R.",J Am Med Inform Assoc. 2024 Apr 3;31(4):855-865. doi: 10.1093/jamia/ocae002.,Sangha V,J Am Med Inform Assoc,2024,2024/1/25,PMC10990541,,10.1093/jamia/ocae002
40088116,Characterization of Dynamic Adaptation to Stressors Using Multisystem Stimulus-Response Data: The Study of Physical Resilience in Aging Pilot,"Bandeen-Roche K, Zhu J, Xue QL, Buta B, Laskow T, Walston JD, Varadhan R.",J Gerontol A Biol Sci Med Sci. 2025 May 5;80(6):glaf056. doi: 10.1093/gerona/glaf056.,Bandeen-Roche K,J Gerontol A Biol Sci Med Sci,2025,2025/3/15,PMC12104804,,10.1093/gerona/glaf056
36004899,Contrastive Self-Supervised Learning for Stress Detection from ECG Data,"Rabbani S, Khan N.",Bioengineering (Basel). 2022 Aug 8;9(8):374. doi: 10.3390/bioengineering9080374.,Rabbani S,Bioengineering (Basel),2022,2022/8/25,PMC9404921,,10.3390/bioengineering9080374
33481208,Cardiac Severity Classification Using Pre Trained Neural Networks,"Malleswari PN, Bindu CH, Prasad KS.",Interdiscip Sci. 2021 Sep;13(3):443-450. doi: 10.1007/s12539-021-00416-9. Epub 2021 Jan 22.,Malleswari PN,Interdiscip Sci,2021,2021/1/22,,,10.1007/s12539-021-00416-9
31723938,Representation Learning Approaches to Detect False Arrhythmia Alarms from ECG Dynamics,"Lehman EP, Krishnan RG, Zhao X, Mark RG, Lehman LH.",Proc Mach Learn Res. 2018 Aug;85:571-586.,Lehman EP,Proc Mach Learn Res,2018,2019/11/15,PMC6853621,NIHMS1055878,
34470426,A phased approach for the adaptation of telemedicine in arrythmia management,"Bendimerad A, Hadj Slimane ZE, Bendimerad A.",Rev Sci Instrum. 2021 Aug 1;92(8):084101. doi: 10.1063/5.0051887.,Bendimerad A,Rev Sci Instrum,2021,2021/9/2,,,10.1063/5.0051887
37783539,Few-shot transfer learning for personalized atrial fibrillation detection using patient-based siamese network with single-lead ECG records,"Ng Y, Liao MT, Chen TL, Lee CK, Chou CY, Wang W.",Artif Intell Med. 2023 Oct;144:102644. doi: 10.1016/j.artmed.2023.102644. Epub 2023 Sep 1.,Ng Y,Artif Intell Med,2023,2023/10/2,,,10.1016/j.artmed.2023.102644
31064165,Long-term endurance training-induced cardiac adaptation in new rabbit and dog animal models of the human athlete's heart,"Polyák A, Kui P, Morvay N, Leprán I, Ágoston G, Varga A, Nagy N, Baczkó I, Farkas A, Papp JG, Varró A, Farkas AS.",Rev Cardiovasc Med. 2018 Dec 30;19(4):135-142. doi: 10.31083/j.rcm.2018.04.4161.,Polyák A,Rev Cardiovasc Med,2018,2019/5/9,,,10.31083/j.rcm.2018.04.4161
39223338,Integrating Contrastive Learning and Cycle Generative Adversarial Networks for Non-invasive Fetal ECG Extraction,"Qu R, Song T, Wei G, Wei L, Cao W, Song J.",Pediatr Cardiol. 2025 Oct;46(7):2078-2088. doi: 10.1007/s00246-024-03633-3. Epub 2024 Sep 2.,Qu R,Pediatr Cardiol,2025,2024/9/2,,,10.1007/s00246-024-03633-3
35161650,Study of the Few-Shot Learning for ECG Classification Based on the PTB-XL Dataset,"Pałczyński K, Śmigiel S, Ledziński D, Bujnowski S.",Sensors (Basel). 2022 Jan 25;22(3):904. doi: 10.3390/s22030904.,Pałczyński K,Sensors (Basel),2022,2022/2/15,PMC8839938,,10.3390/s22030904
39981353,Assessing the performance of zero-shot visual question answering in multimodal large language models for 12-lead ECG image interpretation,"Seki T, Kawazoe Y, Ito H, Akagi Y, Takiguchi T, Ohe K.",Front Cardiovasc Med. 2025 Feb 6;12:1458289. doi: 10.3389/fcvm.2025.1458289. eCollection 2025.,Seki T,Front Cardiovasc Med,2025,2025/2/21,PMC11839599,,10.3389/fcvm.2025.1458289
39441450,Fine Tuning ECG Interpretation for Young Athletes: ECG Screening Using Z-score-based Analysis,"Park J, Kimata C, Young J, Perry JC, Bratincsak A.",Sports Med Open. 2024 Oct 23;10(1):114. doi: 10.1186/s40798-024-00775-9.,Park J,Sports Med Open,2024,2024/10/23,PMC11499507,,10.1186/s40798-024-00775-9
33019201,Transfer Learning for Detection of Atrial Fibrillation in Deterministic Compressive Sensed ECG,"Abdelazez M, Rajan S, Chan ADC.",Annu Int Conf IEEE Eng Med Biol Soc. 2020 Jul;2020:5398-5401. doi: 10.1109/EMBC44109.2020.9175813.,Abdelazez M,Annu Int Conf IEEE Eng Med Biol Soc,2020,2020/10/6,,,10.1109/EMBC44109.2020.9175813
34921162,Detection of maternal and fetal stress from the electrocardiogram with self-supervised representation learning,"Sarkar P, Lobmaier S, Fabre B, González D, Mueller A, Frasch MG, Antonelli MC, Etemad A.",Sci Rep. 2021 Dec 17;11(1):24146. doi: 10.1038/s41598-021-03376-8.,Sarkar P,Sci Rep,2021,2021/12/18,PMC8683397,,10.1038/s41598-021-03376-8
34190194,Warning system improve the clinical outcomes in transfer patients with ST-segment elevation myocardial infarction,"Fang HY, Lee WC.",Medicine (Baltimore). 2021 Jul 2;100(26):e26558. doi: 10.1097/MD.0000000000026558.,Fang HY,Medicine (Baltimore),2021,2021/6/30,PMC8257831,,10.1097/MD.0000000000026558
37353501,Practical intelligent diagnostic algorithm for wearable 12-lead ECG via self-supervised learning on large-scale dataset,"Lai J, Tan H, Wang J, Ji L, Guo J, Han B, Shi Y, Feng Q, Yang W.",Nat Commun. 2023 Jun 23;14(1):3741. doi: 10.1038/s41467-023-39472-8.,Lai J,Nat Commun,2023,2023/6/23,PMC10290151,,10.1038/s41467-023-39472-8
34891485,Semi-Supervised Analysis of the Electrocardiogram Using Deep Generative Models,"Rasmussen SM, Jensen MEK, Meyhoff CS, Aasvang EK, Slrensen HBD.",Annu Int Conf IEEE Eng Med Biol Soc. 2021 Nov;2021:1124-1127. doi: 10.1109/EMBC46164.2021.9629915.,Rasmussen SM,Annu Int Conf IEEE Eng Med Biol Soc,2021,2021/12/11,,,10.1109/EMBC46164.2021.9629915
29059602,"Superovulatory response following FSH, eCG-FSH and hMG and pregnancy rates following transfer of hatched blastocyst embryos with different diameter and shape in dromedary camel","Ararooti T, Niasari-Naslaji A, Asadi-Moghaddam B, Razavi K, Panahi F.",Theriogenology. 2018 Jan 15;106:149-156. doi: 10.1016/j.theriogenology.2017.10.017. Epub 2017 Oct 13.,Ararooti T,Theriogenology,2018,2017/10/24,,,10.1016/j.theriogenology.2017.10.017
35994003,Transfer learning enables prediction of myocardial injury from continuous single-lead electrocardiography,"Jin BT, Palleti R, Shi S, Ng AY, Quinn JV, Rajpurkar P, Kim D.",J Am Med Inform Assoc. 2022 Oct 7;29(11):1908-1918. doi: 10.1093/jamia/ocac135.,Jin BT,J Am Med Inform Assoc,2022,2022/8/22,PMC9552286,,10.1093/jamia/ocac135
36904661,Cross-Domain Transfer of EEG to EEG or ECG Learning for CNN Classification Models,"Yang CY, Chen PC, Huang WC.",Sensors (Basel). 2023 Feb 23;23(5):2458. doi: 10.3390/s23052458.,Yang CY,Sensors (Basel),2023,2023/3/11,PMC10007254,,10.3390/s23052458
39423074,"rU-Net, Multi-Scale Feature Fusion and Transfer Learning: Unlocking the Potential of Cuffless Blood Pressure Monitoring With PPG and ECG","Chen J, Zhou X, Feng L, Ling BW, Han L, Zhang H.",IEEE J Biomed Health Inform. 2025 Jan;29(1):166-176. doi: 10.1109/JBHI.2024.3483301. Epub 2025 Jan 7.,Chen J,IEEE J Biomed Health Inform,2025,2024/10/18,,,10.1109/JBHI.2024.3483301
38374910,Joint spatio-temporal features constrained self-supervised electrocardiogram representation learning,"Ran A, Liu H.",Biomed Eng Lett. 2023 Oct 15;14(2):209-220. doi: 10.1007/s13534-023-00329-0. eCollection 2024 Mar.,Ran A,Biomed Eng Lett,2023,2024/2/20,PMC10874354,,10.1007/s13534-023-00329-0
35304473,A contrastive learning approach for ICU false arrhythmia alarm reduction,"Zhou Y, Zhao G, Li J, Sun G, Qian X, Moody B, Mark RG, Lehman LH.",Sci Rep. 2022 Mar 18;12(1):4689. doi: 10.1038/s41598-022-07761-9.,Zhou Y,Sci Rep,2022,2022/3/19,PMC8933571,,10.1038/s41598-022-07761-9
37566509,Semi-Supervised Learning for Low-Cost Personalized Obstructive Sleep Apnea Detection Using Unsupervised Deep Learning and Single-Lead Electrocardiogram,"Hu S, Wang Y, Liu J, Yang C, Wang A, Li K, Liu W.",IEEE J Biomed Health Inform. 2023 Nov;27(11):5281-5292. doi: 10.1109/JBHI.2023.3304299. Epub 2023 Nov 7.,Hu S,IEEE J Biomed Health Inform,2023,2023/8/11,,,10.1109/JBHI.2023.3304299
39068675,Open-world electrocardiogram classification via domain knowledge-driven contrastive learning,"Zhou S, Huang X, Liu N, Zhang W, Zhang YT, Chung FL.",Neural Netw. 2024 Nov;179:106551. doi: 10.1016/j.neunet.2024.106551. Epub 2024 Jul 17.,Zhou S,Neural Netw,2024,2024/7/28,,,10.1016/j.neunet.2024.106551
30741250,An Ontology Approach for Knowledge Representation of ECG Data,"Zouri M, Zouri N, Ferworn A.",Stud Health Technol Inform. 2019;257:520-525.,Zouri M,Stud Health Technol Inform,2019,2019/2/12,,,
37778217,Multi-center atrial fibrillation electrocardiogram (ECG) classification using Fourier space convolutional neural networks (FD-CNN) and transfer learning,"Vasconcelos L, Martinez BP, Kent M, Ansari S, Ghanbari H, Nenadic I.",J Electrocardiol. 2023 Nov-Dec;81:201-206. doi: 10.1016/j.jelectrocard.2023.09.010. Epub 2023 Sep 25.,Vasconcelos L,J Electrocardiol,2023,2023/10/1,,,10.1016/j.jelectrocard.2023.09.010
40773446,Pre-training heart rate variability as a predictor of Air Force Academy completion,"Kula Y, Horosov R, Gidron Y, Ekshtein A, Gordon B, Iversen Z, Tehori O, Ben-Ari O.",PLoS One. 2025 Aug 7;20(8):e0327406. doi: 10.1371/journal.pone.0327406. eCollection 2025.,Kula Y,PLoS One,2025,2025/8/7,PMC12331047,,10.1371/journal.pone.0327406
36086148,A Meta-Transfer Learning Approach to ECG Arrhythmia Detection,"Chen W, Banerjee T, John E.",Annu Int Conf IEEE Eng Med Biol Soc. 2022 Jul;2022:1300-1305. doi: 10.1109/EMBC48229.2022.9871518.,Chen W,Annu Int Conf IEEE Eng Med Biol Soc,2022,2022/9/10,,,10.1109/EMBC48229.2022.9871518
39972080,Temporal and spatial self supervised learning methods for electrocardiograms,"Chen W, Wang H, Zhang L, Zhang M.",Sci Rep. 2025 Feb 19;15(1):6029. doi: 10.1038/s41598-025-90084-2.,Chen W,Sci Rep,2025,2025/2/19,PMC11839927,,10.1038/s41598-025-90084-2
40703125,A deep foundation model for electrocardiogram interpretation: enabling rare disease detection through transfer learning,"Hu SM, Barrios JP, Tison GH.",Eur Heart J Digit Health. 2025 May 21;6(4):619-623. doi: 10.1093/ehjdh/ztaf051. eCollection 2025 Jul.,Hu SM,Eur Heart J Digit Health,2025,2025/7/24,PMC12282392,,10.1093/ehjdh/ztaf051
36554233,A New Deep Learning Method with Self-Supervised Learning for Delineation of the Electrocardiogram,"Wu W, Huang Y, Wu X.",Entropy (Basel). 2022 Dec 15;24(12):1828. doi: 10.3390/e24121828.,Wu W,Entropy (Basel),2022,2022/12/23,PMC9778283,,10.3390/e24121828
32585651,Unsupervised hidden semi-Markov model for automatic beat onset detection in 1D Doppler ultrasound,"Katebi N, Marzbanrad F, Stroux L, Valderrama CE, Clifford GD.",Physiol Meas. 2020 Sep 18;41(8):085007. doi: 10.1088/1361-6579/aba006.,Katebi N,Physiol Meas,2020,2020/6/26,PMC9270719,NIHMS1814480,10.1088/1361-6579/aba006
38005564,Electrocardiogram-Based Biometric Identification Using Mixed Feature Extraction and Sparse Representation,"Zhang X, Liu Q, He D, Suo H, Zhao C.",Sensors (Basel). 2023 Nov 14;23(22):9179. doi: 10.3390/s23229179.,Zhang X,Sensors (Basel),2023,2023/11/25,PMC10675745,,10.3390/s23229179
38478452,Hybrid Neural State-Space Modeling for Supervised and Unsupervised Electrocardiographic Imaging,"Jiang X, Missel R, Toloubidokhti M, Gillette K, Prassl AJ, Plank G, Horacek BM, Sapp JL, Wang L.",IEEE Trans Med Imaging. 2024 Aug;43(8):2733-2744. doi: 10.1109/TMI.2024.3377094. Epub 2024 Aug 1.,Jiang X,IEEE Trans Med Imaging,2024,2024/3/13,PMC11330696,NIHMS2014223,10.1109/TMI.2024.3377094
40585148,Wearable-Echo-FM: An ECG-echo foundation model for single lead electrocardiography,"Knight E, Oikonomou EK, Aminorroaya A, Pedroso AF, Khera R.",medRxiv [Preprint]. 2025 Jun 12:2025.06.10.25329163. doi: 10.1101/2025.06.10.25329163.,Knight E,medRxiv,2025,2025/6/30,PMC12204444,,10.1101/2025.06.10.25329163
30441378,Multiscale Decomposition of Cardiovascular and Cardiorespiratory Information Transfer under General Anesthesia,"Faes L, Bari V, Ranucci M, Porta A.",Annu Int Conf IEEE Eng Med Biol Soc. 2018 Jul;2018:4607-4610. doi: 10.1109/EMBC.2018.8513191.,Faes L,Annu Int Conf IEEE Eng Med Biol Soc,2018,2018/11/17,,,10.1109/EMBC.2018.8513191
35536820,Semi-Supervised Learning for Automatic Atrial Fibrillation Detection in 24-Hour Holter Monitoring,"Zhang P, Chen Y, Lin F, Wu S, Yang X, Li Q.",IEEE J Biomed Health Inform. 2022 Aug;26(8):3791-3801. doi: 10.1109/JBHI.2022.3173655. Epub 2022 Aug 11.,Zhang P,IEEE J Biomed Health Inform,2022,2022/5/10,,,10.1109/JBHI.2022.3173655
38857140,A Generalisable Heartbeat Classifier Leveraging Self-Supervised Learning for ECG Analysis During Magnetic Resonance Imaging,"Aublin PG, Felblinger J, Oster J.",IEEE J Biomed Health Inform. 2024 Sep;28(9):5147-5155. doi: 10.1109/JBHI.2024.3411792. Epub 2024 Sep 5.,Aublin PG,IEEE J Biomed Health Inform,2024,2024/6/10,,,10.1109/JBHI.2024.3411792
29492558,Medical Waveform Format Encoding Rules Representation of Neurointensive Care Waveform Data,"Piper I, Shaw M, Hawthorne C, Kinsella J, Moss L.",Acta Neurochir Suppl. 2018;126:183-188. doi: 10.1007/978-3-319-65798-1_38.,Piper I,Acta Neurochir Suppl,2018,2018/3/2,,,10.1007/978-3-319-65798-1_38
29414535,Unsupervised heart-rate estimation in wearables with Liquid states and a probabilistic readout,"Das A, Pradhapan P, Groenendaal W, Adiraju P, Rajan RT, Catthoor F, Schaafsma S, Krichmar JL, Dutt N, Van Hoof C.",Neural Netw. 2018 Mar;99:134-147. doi: 10.1016/j.neunet.2017.12.015. Epub 2018 Jan 12.,Das A,Neural Netw,2018,2018/2/8,,,10.1016/j.neunet.2017.12.015
31004041,Pavlovian-to-instrumental transfer after human threat conditioning,"Xia Y, Gurkina A, Bach DR.",Learn Mem. 2019 Apr 19;26(5):167-175. doi: 10.1101/lm.049338.119. Print 2019 May.,Xia Y,Learn Mem,2019,2019/4/21,PMC6478249,,10.1101/lm.049338.119
39631267,Universal representations in cardiovascular ECG assessment: A self-supervised learning approach,"Liu ZY, Lin CH, Hsu YC, Chen JS, Chang PC, Wen MS, Kuo CF.",Int J Med Inform. 2025 Mar;195:105742. doi: 10.1016/j.ijmedinf.2024.105742. Epub 2024 Dec 1.,Liu ZY,Int J Med Inform,2025,2024/12/4,,,10.1016/j.ijmedinf.2024.105742
37949101,Automatic segmentation of atrial fibrillation and flutter in single-lead electrocardiograms by self-supervised learning and Transformer architecture,"Yun D, Yang HL, Kwon S, Lee SR, Kim K, Kim K, Lee HC, Jung CW, Kim YS, Han SS.",J Am Med Inform Assoc. 2023 Dec 22;31(1):79-88. doi: 10.1093/jamia/ocad219.,Yun D,J Am Med Inform Assoc,2023,2023/11/10,PMC10746317,,10.1093/jamia/ocad219
36421084,Enhancing Electrocardiogram Classification with Multiple Datasets and Distant Transfer Learning,"Chui KT, Gupta BB, Zhao M, Malibari A, Arya V, Alhalabi W, Ruiz MT.",Bioengineering (Basel). 2022 Nov 11;9(11):683. doi: 10.3390/bioengineering9110683.,Chui KT,Bioengineering (Basel),2022,2022/11/24,PMC9687650,,10.3390/bioengineering9110683
34852002,Unsupervised feature learning for electrocardiogram data using the convolutional variational autoencoder,"Jang JH, Kim TY, Lim HS, Yoon D.",PLoS One. 2021 Dec 1;16(12):e0260612. doi: 10.1371/journal.pone.0260612. eCollection 2021.,Jang JH,PLoS One,2021,2021/12/1,PMC8635334,,10.1371/journal.pone.0260612
35738570,The influence of ambulance offload time on 30-day risks of death and re-presentation for patients with chest pain,"Dawson LP, Andrew E, Stephenson M, Nehme Z, Bloom J, Cox S, Anderson D, Lefkovits J, Taylor AJ, Kaye D, Smith K, Stub D.",Med J Aust. 2022 Sep 5;217(5):253-259. doi: 10.5694/mja2.51613. Epub 2022 Jun 23.,Dawson LP,Med J Aust,2022,2022/6/23,PMC9545565,,10.5694/mja2.51613
36713102,Atrial fibrillation risk prediction from the 12-lead electrocardiogram using digital biomarkers and deep representation learning,"Biton S, Gendelman S, Ribeiro AH, Miana G, Moreira C, Ribeiro ALP, Behar JA.",Eur Heart J Digit Health. 2021 Aug 5;2(4):576-585. doi: 10.1093/ehjdh/ztab071. eCollection 2021 Dec.,Biton S,Eur Heart J Digit Health,2021,2023/1/30,PMC9707938,,10.1093/ehjdh/ztab071
37858107,Cardiac arrhythmia detection using deep learning approach and time frequency representation of ECG signals,"Daydulo YD, Thamineni BL, Dawud AA.",BMC Med Inform Decis Mak. 2023 Oct 19;23(1):232. doi: 10.1186/s12911-023-02326-w.,Daydulo YD,BMC Med Inform Decis Mak,2023,2023/10/19,PMC10588016,,10.1186/s12911-023-02326-w
37432818,Adversarial Spatiotemporal Contrastive Learning for Electrocardiogram Signals,"Wang N, Feng P, Ge Z, Zhou Y, Zhou B, Wang Z.",IEEE Trans Neural Netw Learn Syst. 2024 Oct;35(10):13845-13859. doi: 10.1109/TNNLS.2023.3272153. Epub 2024 Oct 7.,Wang N,IEEE Trans Neural Netw Learn Syst,2024,2023/7/11,,,10.1109/TNNLS.2023.3272153
34545818,Application of Pre-Trained Deep Learning Models for Clinical ECGs,"Bender T, Seidler T, Bengel P, Sax U, Krefting D.",Stud Health Technol Inform. 2021 Sep 21;283:39-45. doi: 10.3233/SHTI210539.,Bender T,Stud Health Technol Inform,2021,2021/9/21,,,10.3233/SHTI210539
33477888,Supervised SVM Transfer Learning for Modality-Specific Artefact Detection in ECG,"Moeyersons J, Morales J, Villa A, Castro I, Testelmans D, Buyse B, Van Hoof C, Willems R, Van Huffel S, Varon C.",Sensors (Basel). 2021 Jan 19;21(2):662. doi: 10.3390/s21020662.,Moeyersons J,Sensors (Basel),2021,2021/1/22,PMC7833429,,10.3390/s21020662
38096090,Semi-Supervised Learning for Multi-Label Cardiovascular Diseases Prediction: A Multi-Dataset Study,"Zhou R, Lu L, Liu Z, Xiang T, Liang Z, Clifton DA, Dong Y, Zhang YT.",IEEE Trans Pattern Anal Mach Intell. 2024 May;46(5):3305-3320. doi: 10.1109/TPAMI.2023.3342828. Epub 2024 Apr 3.,Zhou R,IEEE Trans Pattern Anal Mach Intell,2024,2023/12/14,,,10.1109/TPAMI.2023.3342828
34891457,Online Cross-subject Emotion Recognition from ECG via Unsupervised Domain Adaptation,"He W, Ye Y, Li Y, Pan T, Lu L.",Annu Int Conf IEEE Eng Med Biol Soc. 2021 Nov;2021:1001-1005. doi: 10.1109/EMBC46164.2021.9630433.,He W,Annu Int Conf IEEE Eng Med Biol Soc,2021,2021/12/11,,,10.1109/EMBC46164.2021.9630433
39393284,Bootstrap each lead's latent: A novel method for self-supervised learning of multilead electrocardiograms,"Liu W, Pan S, Li Z, Chang S, Huang Q, Jiang N.",Comput Methods Programs Biomed. 2024 Dec;257:108452. doi: 10.1016/j.cmpb.2024.108452. Epub 2024 Oct 9.,Liu W,Comput Methods Programs Biomed,2024,2024/10/11,,,10.1016/j.cmpb.2024.108452
40395940,ProtoECGNet: Case-Based Interpretable Deep Learning for Multi-Label ECG Classification with Contrastive Learning,"Sethi S, Chen D, Statchen T, Burkhart MC, Bhandari N, Ramadan B, Beaulieu-Jones B.",ArXiv [Preprint]. 2025 May 17:arXiv:2504.08713v3.,Sethi S,ArXiv,2025,2025/5/21,PMC12091707,,
31937799,"Cardiac adaptation in hibernating, free-ranging Scandinavian Brown Bears (Ursus arctos)","Jørgensen PG, Evans A, Kindberg J, Olsen LH, Galatius S, Fröbert O.",Sci Rep. 2020 Jan 14;10(1):247. doi: 10.1038/s41598-019-57126-y.,Jørgensen PG,Sci Rep,2020,2020/1/16,PMC6959366,,10.1038/s41598-019-57126-y
36473340,A joint cross-dimensional contrastive learning framework for 12-lead ECGs and its heterogeneous deployment on SoC,"Liu W, Zhang H, Chang S, Wang H, He J, Huang Q.",Comput Biol Med. 2023 Jan;152:106390. doi: 10.1016/j.compbiomed.2022.106390. Epub 2022 Dec 1.,Liu W,Comput Biol Med,2023,2022/12/6,,,10.1016/j.compbiomed.2022.106390
38935470,Scaling Representation Learning From Ubiquitous ECG With State-Space Models,"Avramidis K, Kunc D, Perz B, Adsul K, Feng T, Kazienko P, Saganowski S, Narayanan S.",IEEE J Biomed Health Inform. 2024 Oct;28(10):5877-5889. doi: 10.1109/JBHI.2024.3416897. Epub 2024 Oct 3.,Avramidis K,IEEE J Biomed Health Inform,2024,2024/6/27,,,10.1109/JBHI.2024.3416897
33017989,Unsupervised Domain Adaptation for ECG Arrhythmia Classification,"Chen M, Wang G, Ding Z, Li J, Yang H.",Annu Int Conf IEEE Eng Med Biol Soc. 2020 Jul;2020:304-307. doi: 10.1109/EMBC44109.2020.9175928.,Chen M,Annu Int Conf IEEE Eng Med Biol Soc,2020,2020/10/6,,,10.1109/EMBC44109.2020.9175928
37640921,Using domain adaptation for classification of healthy and disease conditions from mobile-captured images of standard 12-lead electrocardiograms,"Gliner V, Makarov V, Avetisyan AI, Schuster A, Yaniv Y.",Sci Rep. 2023 Aug 28;13(1):14023. doi: 10.1038/s41598-023-40693-6.,Gliner V,Sci Rep,2023,2023/8/28,PMC10462630,,10.1038/s41598-023-40693-6
38082861,A Semi-supervised Algorithm for Atrial Fibrillation Attack Prediction Using Convolution Auto-encoder of Time Series Signal,"Jiang Y, Zheng P, Lai D.",Annu Int Conf IEEE Eng Med Biol Soc. 2023 Jul;2023:1-4. doi: 10.1109/EMBC40787.2023.10339988.,Jiang Y,Annu Int Conf IEEE Eng Med Biol Soc,2023,2023/12/12,,,10.1109/EMBC40787.2023.10339988
33611873,Effectiveness of Transfer Learning for Deep Learning-Based Electrocardiogram Analysis,"Jang JH, Kim TY, Yoon D.",Healthc Inform Res. 2021 Jan;27(1):19-28. doi: 10.4258/hir.2021.27.1.19. Epub 2021 Jan 31.,Jang JH,Healthc Inform Res,2021,2021/2/21,PMC7921576,,10.4258/hir.2021.27.1.19
38748194,Time to ECG diagnosis delays inter-hospital transfer to revascularization in STEMI patients presenting to a regional emergency department: a five-year audit,"Shpigelman J, Proshkina A, Roman M, Maleady K, Casserly I, Blake G, O'Boyle P, Saiva L, Keelan E, O'Neill J, Daly M.",Ir J Med Sci. 2024 Oct;193(5):2203-2207. doi: 10.1007/s11845-024-03705-6. Epub 2024 May 15.,Shpigelman J,Ir J Med Sci,2024,2024/5/15,PMC11449969,,10.1007/s11845-024-03705-6
36268157,Development and Validation of Embedded Device for Electrocardiogram Arrhythmia Empowered with Transfer Learning,"Asif RN, Abbas S, Khan MA, Atta-Ur-Rahman, Sultan K, Mahmud M, Mosavi A.",Comput Intell Neurosci. 2022 Oct 7;2022:5054641. doi: 10.1155/2022/5054641. eCollection 2022.,Asif RN,Comput Intell Neurosci,2022,2022/10/21,PMC9578866,,10.1155/2022/5054641
33099175,A simple adaptation of a handheld ECG recorder to obtain chest lead equivalents,"Mercer B, Leese L, Ahmed N, Holden AV, Tayebjee MH.",J Electrocardiol. 2020 Nov-Dec;63:54-56. doi: 10.1016/j.jelectrocard.2020.10.005. Epub 2020 Oct 16.,Mercer B,J Electrocardiol,2020,2020/10/25,PMC7563578,,10.1016/j.jelectrocard.2020.10.005
31946885,Clustering Continuous Wavelet Transform Characteristics of Heart Rate Variability through Unsupervised Learning,"Wachowiak MP, Moggridge JJ, Wachowiak-Smolikova R.",Annu Int Conf IEEE Eng Med Biol Soc. 2019 Jul;2019:4584-4587. doi: 10.1109/EMBC.2019.8857515.,Wachowiak MP,Annu Int Conf IEEE Eng Med Biol Soc,2019,2020/1/18,,,10.1109/EMBC.2019.8857515
32178296,Automatic Detection of Arrhythmia Based on Multi-Resolution Representation of ECG Signal,"Wang D, Meng Q, Chen D, Zhang H, Xu L.",Sensors (Basel). 2020 Mar 12;20(6):1579. doi: 10.3390/s20061579.,Wang D,Sensors (Basel),2020,2020/3/18,PMC7175329,,10.3390/s20061579
40823580,Comparison of simulation software and contrastive training on ECG interpretation competence in newly graduated nurses,"Kabiri Z, Masoudi R, Kheiri S, Etemadifar S.",Front Med (Lausanne). 2025 Aug 1;12:1531308. doi: 10.3389/fmed.2025.1531308. eCollection 2025.,Kabiri Z,Front Med (Lausanne),2025,2025/8/18,PMC12354981,,10.3389/fmed.2025.1531308
31661497,"Robust, real-time generic detector based on a multi-feature probabilistic method","Doyen M, Ge D, Beuchée A, Carrault G, I Hernández A.",PLoS One. 2019 Oct 29;14(10):e0223785. doi: 10.1371/journal.pone.0223785. eCollection 2019.,Doyen M,PLoS One,2019,2019/10/30,PMC6818956,,10.1371/journal.pone.0223785
34325104,Representation matters: The importance of obtaining diverse ECG normative data from non-Caucasian athletes,"Husaini M, Dineen EH, Prutkin JM.",J Electrocardiol. 2021 Sep-Oct;68:46-47. doi: 10.1016/j.jelectrocard.2021.07.006. Epub 2021 Jul 22.,Husaini M,J Electrocardiol,2021,2021/7/29,,,10.1016/j.jelectrocard.2021.07.006
33747604,HeartNetEC: a deep representation learning approach for ECG beat classification,"Deevi SA, Kaniraja CP, Mani VD, Mishra D, Ummar S, Satheesh C.",Biomed Eng Lett. 2021 Feb 8;11(1):69-84. doi: 10.1007/s13534-021-00184-x. eCollection 2021 Feb.,Deevi SA,Biomed Eng Lett,2021,2021/3/22,PMC7930268,,10.1007/s13534-021-00184-x
36866172,Atrial fibrillation classification based on the 2D representation of minimal subset ECG and a non-deep neural network,"Zhang H, Liu C, Tang F, Li M, Zhang D, Xia L, Crozier S, Gan H, Zhao N, Xu W, Liu F.",Front Physiol. 2023 Feb 14;14:1070621. doi: 10.3389/fphys.2023.1070621. eCollection 2023.,Zhang H,Front Physiol,2023,2023/3/3,PMC9971936,,10.3389/fphys.2023.1070621
28333651,Automated ECG Noise Detection and Classification System for Unsupervised Healthcare Monitoring,"Satija U, Ramkumar B, Manikandan MS.",IEEE J Biomed Health Inform. 2018 May;22(3):722-732. doi: 10.1109/JBHI.2017.2686436. Epub 2017 Mar 22.,Satija U,IEEE J Biomed Health Inform,2018,2017/3/24,,,10.1109/JBHI.2017.2686436
31945913,An Unsupervised Feature Learning Approach to Reduce False Alarm Rate in ICUs,"Ghazanfari B, Afghah F, Najarian K, Mousavi S, Gryak J, Todd J.",Annu Int Conf IEEE Eng Med Biol Soc. 2019 Jul;2019:349-353. doi: 10.1109/EMBC.2019.8857034.,Ghazanfari B,Annu Int Conf IEEE Eng Med Biol Soc,2019,2020/1/18,PMC7552437,NIHMS1634792,10.1109/EMBC.2019.8857034
38976988,Unsupervised denoising of the non-invasive fetal electrocardiogram with sparse domain Kalman filtering and vectorcardiographic loop alignment,"de Vries IR, van Laar JOEH, van der Hout-van der Jagt MB, Vullings R.",Physiol Meas. 2024 Jul 17;45(7). doi: 10.1088/1361-6579/ad605c.,de Vries IR,Physiol Meas,2024,2024/7/8,,,10.1088/1361-6579/ad605c
39954314,"Exploring mortality representation and the impact of COVID-19 in Modena: insights from ""An ECG-based machine-learning approach for mortality risk assessment in a large European population""","Giovanardi P, Vernia C, Doneda M; whole research team.",J Electrocardiol. 2025 May-Jun;90:153890. doi: 10.1016/j.jelectrocard.2025.153890. Epub 2025 Feb 10.,Giovanardi P,J Electrocardiol,2025,2025/2/15,,,10.1016/j.jelectrocard.2025.153890
40644854,TAC-ECG: A task-adaptive classification method for electrocardiogram based on cross-modal contrastive learning and low-rank convolutional adapter,"Wang R, Dong X, Liu X, Yihai Fang, Dou J, Qiang Y, Yang Y, Hu F.",Comput Methods Programs Biomed. 2025 Oct;270:108918. doi: 10.1016/j.cmpb.2025.108918. Epub 2025 Jul 5.,Wang R,Comput Methods Programs Biomed,2025,2025/7/11,,,10.1016/j.cmpb.2025.108918
33761477,Transfer learning from ECG to PPG for improved sleep staging from wrist-worn wearables,"Li Q, Li Q, Cakmak AS, Da Poian G, Bliwise DL, Vaccarino V, Shah AJ, Clifford GD.",Physiol Meas. 2021 May 13;42(4):10.1088/1361-6579/abf1b0. doi: 10.1088/1361-6579/abf1b0.,Li Q,Physiol Meas,2021,2021/3/24,PMC8564719,NIHMS1748372,10.1088/1361-6579/abf1b0
40388401,Transfer learning in ECG diagnosis: Is it effective?,"Nguyen CV, Do CD.",PLoS One. 2025 May 19;20(5):e0316043. doi: 10.1371/journal.pone.0316043. eCollection 2025.,Nguyen CV,PLoS One,2025,2025/5/19,PMC12088039,,10.1371/journal.pone.0316043
34891487,Segment Origin Prediction: A Self-supervised Learning Method for Electrocardiogram Arrhythmia Classification,"Luo C, Wang G, Ding Z, Chen H, Yang F.",Annu Int Conf IEEE Eng Med Biol Soc. 2021 Nov;2021:1132-1135. doi: 10.1109/EMBC46164.2021.9630616.,Luo C,Annu Int Conf IEEE Eng Med Biol Soc,2021,2021/12/11,,,10.1109/EMBC46164.2021.9630616
36611379,An Automatic Premature Ventricular Contraction Recognition System Based on Imbalanced Dataset and Pre-Trained Residual Network Using Transfer Learning on ECG Signal,"Ullah H, Heyat MBB, Akhtar F, Muaad AY, Ukwuoma CC, Bilal M, Miraz MH, Bhuiyan MAS, Wu K, Damaševičius R, Pan T, Gao M, Lin Y, Lai D.",Diagnostics (Basel). 2022 Dec 28;13(1):87. doi: 10.3390/diagnostics13010087.,Ullah H,Diagnostics (Basel),2022,2023/1/8,PMC9818233,,10.3390/diagnostics13010087
34333207,xECGNet: Fine-tuning attention map within convolutional neural network to improve detection and explainability of concurrent cardiac arrhythmias,"Yoo J, Jun TJ, Kim YH.",Comput Methods Programs Biomed. 2021 Sep;208:106281. doi: 10.1016/j.cmpb.2021.106281. Epub 2021 Jul 21.,Yoo J,Comput Methods Programs Biomed,2021,2021/8/1,,,10.1016/j.cmpb.2021.106281
30301929,Information transfer in QT-RR dynamics: Application to QT-correction,"Potapov I, Latukka J, Kim J, Luukko P, Aalto-Setälä K, Räsänen E.",Sci Rep. 2018 Oct 9;8(1):14992. doi: 10.1038/s41598-018-33359-1.,Potapov I,Sci Rep,2018,2018/10/11,PMC6178346,,10.1038/s41598-018-33359-1
37998615,An Open-Source Graphical User Interface-Embedded Automated Electrocardiogram Quality Assessment: A Balanced Class Representation Approach,"Elgendi M, van der Bijl K, Menon C.",Diagnostics (Basel). 2023 Nov 20;13(22):3479. doi: 10.3390/diagnostics13223479.,Elgendi M,Diagnostics (Basel),2023,2023/11/24,PMC10670552,,10.3390/diagnostics13223479
37961713,Self-supervised deep representation learning of a foundation transformer model enabling efficient ECG-based assessment of cardiac and coronary function with limited labels,"Moody JB, Poitrasson-Rivière A, Renaud JM, Hagio T, Alahdab F, Al-Mallah MH, Vanderver MD, Ficaro EP, Murthy VL.",medRxiv [Preprint]. 2024 May 21:2023.10.25.23297552. doi: 10.1101/2023.10.25.23297552.,Moody JB,medRxiv,2024,2023/11/14,PMC10635192,,10.1101/2023.10.25.23297552
39141600,Applying masked autoencoder-based self-supervised learning for high-capability vision transformers of electrocardiographies,"Sawano S, Kodera S, Setoguchi N, Tanabe K, Kushida S, Kanda J, Saji M, Nanasato M, Maki H, Fujita H, Kato N, Watanabe H, Suzuki M, Takahashi M, Sawada N, Yamasaki M, Sato M, Katsushika S, Shinohara H, Takeda N, Fujiu K, Daimon M, Akazawa H, Morita H, Komuro I.",PLoS One. 2024 Aug 14;19(8):e0307978. doi: 10.1371/journal.pone.0307978. eCollection 2024.,Sawano S,PLoS One,2024,2024/8/14,PMC11324121,,10.1371/journal.pone.0307978
38991373,CPSS: Fusing consistency regularization and pseudo-labeling techniques for semi-supervised deep cardiovascular disease detection using all unlabeled electrocardiograms,"Shi J, Liu W, Zhang H, Chang S, Wang H, He J, Huang Q.",Comput Methods Programs Biomed. 2024 Sep;254:108315. doi: 10.1016/j.cmpb.2024.108315. Epub 2024 Jul 4.,Shi J,Comput Methods Programs Biomed,2024,2024/7/11,,,10.1016/j.cmpb.2024.108315
39851318,A Multi-Level Multiple Contrastive Learning Method for Single-Lead Electrocardiogram Atrial Fibrillation Detection,"Zou Y, Wang P, Du L, Chen X, Li Z, Song J, Fang Z.",Bioengineering (Basel). 2025 Jan 8;12(1):44. doi: 10.3390/bioengineering12010044.,Zou Y,Bioengineering (Basel),2025,2025/1/24,PMC11760388,,10.3390/bioengineering12010044
34460362,Electrocardiogram Quality Assessment Using Unsupervised Deep Learning,"Seeuws N, De Vos M, Bertrand A.",IEEE Trans Biomed Eng. 2022 Feb;69(2):882-893. doi: 10.1109/TBME.2021.3108621. Epub 2022 Jan 20.,Seeuws N,IEEE Trans Biomed Eng,2022,2021/8/30,,,10.1109/TBME.2021.3108621
40193387,Cross-device federated unsupervised learning for the detection of anomalies in single-lead electrocardiogram signals,"Kapsecker M, Jonas SM.",PLOS Digit Health. 2025 Apr 7;4(4):e0000793. doi: 10.1371/journal.pdig.0000793. eCollection 2025 Apr.,Kapsecker M,PLOS Digit Health,2025,2025/4/7,PMC11975069,,10.1371/journal.pdig.0000793
36469396,Using Deep Transfer Learning to Detect Hyperkalemia From Ambulatory Electrocardiogram Monitors in Intensive Care Units: Personalized Medicine Approach,"Chiu IM, Cheng JY, Chen TY, Wang YM, Cheng CY, Kung CT, Cheng FJ, Yau FF, Lin CR.",J Med Internet Res. 2022 Dec 5;24(12):e41163. doi: 10.2196/41163.,Chiu IM,J Med Internet Res,2022,2022/12/5,PMC9764151,,10.2196/41163
33164576,Adaptation of ventricular repolarization time following abrupt changes in heart rate: comparisons and reproducibility of repeated atrial and ventricular pacing,"Axelsson KJ, Gransberg L, Lundahl G, Vahedi F, Bergfeldt L.",Am J Physiol Heart Circ Physiol. 2021 Jan 1;320(1):H381-H392. doi: 10.1152/ajpheart.00542.2020. Epub 2020 Nov 8.,Axelsson KJ,Am J Physiol Heart Circ Physiol,2021,2020/11/9,,,10.1152/ajpheart.00542.2020
37573719,Diagnosis of atrial fibrillation based on unsupervised domain adaptation,"Du M, Yang Y, Zhang L.",Comput Biol Med. 2023 Sep;164:107275. doi: 10.1016/j.compbiomed.2023.107275. Epub 2023 Aug 9.,Du M,Comput Biol Med,2023,2023/8/13,,,10.1016/j.compbiomed.2023.107275
29478027,Patient-Reported Outcomes in Relation to Continuously Monitored Rhythm Before and During 2 Years After Atrial Fibrillation Ablation Using a Disease-Specific and a Generic Instrument,"Björkenheim A, Brandes A, Magnuson A, Chemnitz A, Edvardsson N, Poçi D.",J Am Heart Assoc. 2018 Feb 24;7(5):e008362. doi: 10.1161/JAHA.117.008362.,Björkenheim A,J Am Heart Assoc,2018,2018/2/26,PMC5866340,,10.1161/JAHA.117.008362
31419289,Restitution and adaptation measurements for the estimate of short-term cardiac action potential memory: comparison of five human ventricular models,"Zaniboni M, Cacciani F.",Europace. 2019 Oct 1;21(10):1594-1602. doi: 10.1093/europace/euz205.,Zaniboni M,Europace,2019,2019/8/17,,,10.1093/europace/euz205
33018019,Unsupervised Classification of Atrial Fibrillation Triggers Using Heart Rate Variability Features Extracted from Implantable Cardiac Monitor Data,"Saiz-Vivo J, DA Corino V, de Melis M, Mainardi LT.",Annu Int Conf IEEE Eng Med Biol Soc. 2020 Jul;2020:426-429. doi: 10.1109/EMBC44109.2020.9175369.,Saiz-Vivo J,Annu Int Conf IEEE Eng Med Biol Soc,2020,2020/10/6,,,10.1109/EMBC44109.2020.9175369
35408181,Long-Term Polygraphic Monitoring through MEMS and Charge Transfer for Low-Power Wearable Applications,"Manoni A, Gumiero A, Zampogna A, Ciarlo C, Panetta L, Suppa A, Della Torre L, Irrera F.",Sensors (Basel). 2022 Mar 27;22(7):2566. doi: 10.3390/s22072566.,Manoni A,Sensors (Basel),2022,2022/4/12,PMC9002930,,10.3390/s22072566
36935112,DeepMiceTL: a deep transfer learning based prediction of mice cardiac conduction diseases using early electrocardiograms,"Liao Y, Xiang Y, Zheng M, Wang J.",Brief Bioinform. 2023 May 19;24(3):bbad109. doi: 10.1093/bib/bbad109.,Liao Y,Brief Bioinform,2023,2023/3/19,PMC10422927,,10.1093/bib/bbad109
39923592,Explainable AI-driven scalogram analysis and optimized transfer learning for sleep apnea detection with single-lead electrocardiograms,"Choudhury M, Tanvir M, Yousuf MA, Islam N, Uddin MZ.",Comput Biol Med. 2025 Mar;187:109769. doi: 10.1016/j.compbiomed.2025.109769. Epub 2025 Feb 8.,Choudhury M,Comput Biol Med,2025,2025/2/9,,,10.1016/j.compbiomed.2025.109769
40150714,Identifying Hypertrophic or Dilated Cardiomyopathy: Development and Validation of a Fine-Tuned ResNet50 Model Based on Electrocardiogram Image,"Xu J, Chen B, Liu W, Dong W, Zhuang Y, Zhang P, He K.",Bioengineering (Basel). 2025 Feb 28;12(3):250. doi: 10.3390/bioengineering12030250.,Xu J,Bioengineering (Basel),2025,2025/3/28,PMC11939401,,10.3390/bioengineering12030250
30371209,Primary Effect of SERCA 2a Gene Transfer on Conduction Reserve in Chronic Myocardial Infarction,"Motloch LJ, Cacheux M, Ishikawa K, Xie C, Hu J, Aguero J, Fish KM, Hajjar RJ, Akar FG.",J Am Heart Assoc. 2018 Sep 18;7(18):e009598. doi: 10.1161/JAHA.118.009598.,Motloch LJ,J Am Heart Assoc,2018,2018/10/30,PMC6222964,,10.1161/JAHA.118.009598
31932667,Transfer Learning in ECG Classification from Human to Horse Using a Novel Parallel Neural Network Architecture,"Van Steenkiste G, van Loon G, Crevecoeur G.",Sci Rep. 2020 Jan 13;10(1):186. doi: 10.1038/s41598-019-57025-2.,Van Steenkiste G,Sci Rep,2020,2020/1/15,PMC6957496,,10.1038/s41598-019-57025-2
34090115,Adaptation of a handheld ECG recorder to obtain chest leads,Cobos Gil MÁ.,J Electrocardiol. 2021 Jul-Aug;67:69-70. doi: 10.1016/j.jelectrocard.2021.05.009. Epub 2021 May 29.,Cobos Gil MÁ,J Electrocardiol,2021,2021/6/5,,,10.1016/j.jelectrocard.2021.05.009
32946380,Towards Interpretable Arrhythmia Classification With Human-Machine Collaborative Knowledge Representation,"Wang J, Li R, Li R, Fu B, Xiao C, Chen DZ.",IEEE Trans Biomed Eng. 2021 Jul;68(7):2098-2109. doi: 10.1109/TBME.2020.3024970. Epub 2021 Jun 17.,Wang J,IEEE Trans Biomed Eng,2021,2020/9/18,,,10.1109/TBME.2020.3024970
39431904,Electrocardiogram and respiration recordings show a reduction in the physical burden on professional caregivers when performing care tasks with a transfer support robot,"Kato K, Hashimoto Y, Aimoto K, Kamiya M, Kawamura K, Yoshimi T, Kondo I.",Assist Technol. 2025 May 4;37(3):185-193. doi: 10.1080/10400435.2024.2409289. Epub 2024 Oct 21.,Kato K,Assist Technol,2025,2024/10/21,,,10.1080/10400435.2024.2409289
31130419,Apparent Ventricular Dysfunction in Elite Young Athletes: Another Form of Cardiac Adaptation of the Athlete's Heart,"Boraita A, Sánchez-Testal MV, Diaz-Gonzalez L, Heras ME, Alcocer-Ayuga M, de la Rosa A, Rabadán M, Abdul-Jalbar B, Pérez de Isla L, Santos-Lozano A, Lucia A.",J Am Soc Echocardiogr. 2019 Aug;32(8):987-996. doi: 10.1016/j.echo.2019.03.017. Epub 2019 May 23.,Boraita A,J Am Soc Echocardiogr,2019,2019/5/28,,,10.1016/j.echo.2019.03.017
34411881,Adaptation of ventricular repolarization dispersion during heart rate increase in humans: A roller coaster process,"Axelsson KJ, Gransberg L, Lundahl G, Bergfeldt L.",J Electrocardiol. 2021 Sep-Oct;68:90-100. doi: 10.1016/j.jelectrocard.2021.07.016. Epub 2021 Jul 27.,Axelsson KJ,J Electrocardiol,2021,2021/8/19,,,10.1016/j.jelectrocard.2021.07.016
35533458,Enhancing the detection of atrial fibrillation from wearable sensors with neural style transfer and convolutional recurrent networks,"Xiong Z, Stiles MK, Gillis AM, Zhao J.",Comput Biol Med. 2022 Jul;146:105551. doi: 10.1016/j.compbiomed.2022.105551. Epub 2022 Apr 28.,Xiong Z,Comput Biol Med,2022,2022/5/9,,,10.1016/j.compbiomed.2022.105551
40564822,Enhancing Heart Disease Diagnosis Using ECG Signal Reconstruction and Deep Transfer Learning Classification with Optional SVM Integration,"Ahmad M, Ahmed A, Hashim H, Farsi M, Mahmoud N.",Diagnostics (Basel). 2025 Jun 13;15(12):1501. doi: 10.3390/diagnostics15121501.,Ahmad M,Diagnostics (Basel),2025,2025/6/26,PMC12191851,,10.3390/diagnostics15121501
29549620,Efficient Computational Modeling of Human Ventricular Activation and Its Electrocardiographic Representation: A Sensitivity Study,"Cranford JP, O'Hara TJ, Villongco CT, Hafez OM, Blake RC, Loscalzo J, Fattebert JL, Richards DF, Zhang X, Glosli JN, McCulloch AD, Krummen DE, Lightstone FC, Wong SE.",Cardiovasc Eng Technol. 2018 Sep;9(3):447-467. doi: 10.1007/s13239-018-0347-0. Epub 2018 Mar 16.,Cranford JP,Cardiovasc Eng Technol,2018,2018/3/18,PMC6095770,NIHMS952587,10.1007/s13239-018-0347-0
33607378,Improving electrocardiogram-based detection of rare genetic heart disease using transfer learning: An application to phospholamban p.Arg14del mutation carriers,"Lopes RR, Bleijendaal H, Ramos LA, Verstraelen TE, Amin AS, Wilde AAM, Pinto YM, de Mol BAJM, Marquering HA.",Comput Biol Med. 2021 Apr;131:104262. doi: 10.1016/j.compbiomed.2021.104262. Epub 2021 Feb 11.,Lopes RR,Comput Biol Med,2021,2021/2/19,,,10.1016/j.compbiomed.2021.104262
36701349,The role of β-adrenergic stimulation in QT interval adaptation to heart rate during stress test,"Pérez C, Cebollada R, Mountris KA, Martínez JP, Laguna P, Pueyo E.",PLoS One. 2023 Jan 26;18(1):e0280901. doi: 10.1371/journal.pone.0280901. eCollection 2023.,Pérez C,PLoS One,2023,2023/1/26,PMC9879473,,10.1371/journal.pone.0280901
38391314,Differences in cardiac adaptation to exercise in male and female athletes assessed by noninvasive techniques: a state-of-the-art review,"Lasocka-Koriat Z, Lewicka-Potocka Z, Kaleta-Duss A, Siekierzycka A, Kalinowski L, Lewicka E, Dąbrowska-Kugacka A.",Am J Physiol Heart Circ Physiol. 2024 May 1;326(5):H1065-H1079. doi: 10.1152/ajpheart.00756.2023. Epub 2024 Feb 23.,Lasocka-Koriat Z,Am J Physiol Heart Circ Physiol,2024,2024/2/23,PMC11380999,,10.1152/ajpheart.00756.2023
38350132,Unsupervised ensembling of multiple software sensors with phase synchronization: a robust approach for electrocardiogram-derived respiration,"McErlean J, Malik J, Lin YT, Talmon R, Wu HT.",Physiol Meas. 2024 Apr 3;45(3). doi: 10.1088/1361-6579/ad290b.,McErlean J,Physiol Meas,2024,2024/2/13,,,10.1088/1361-6579/ad290b
29993409,Transfer Learning From Simulations on a Reference Anatomy for ECGI in Personalized Cardiac Resynchronization Therapy,"Giffard-Roisin S, Delingette H, Jackson T, Webb J, Fovargue L, Lee J, Rinaldi CA, Razavi R, Ayache N, Sermesant M.",IEEE Trans Biomed Eng. 2019 Feb;66(2):343-353. doi: 10.1109/TBME.2018.2839713. Epub 2018 May 23.,Giffard-Roisin S,IEEE Trans Biomed Eng,2019,2018/7/12,,,10.1109/TBME.2018.2839713
40393959,Atrial fibrillation detection via contactless radio monitoring and knowledge transfer,"Yuan Y, Chen J, Zhang D, Geng R, Gong H, Xu G, Pu Y, Lu Z, Hu Y, Zhang D, Ma L, Sun Q, Chen Y.",Nat Commun. 2025 May 20;16(1):4317. doi: 10.1038/s41467-025-59482-y.,Yuan Y,Nat Commun,2025,2025/5/20,PMC12092671,,10.1038/s41467-025-59482-y
32324917,A plea for contrastive instructions,"Hautz WE, Kämmer JE.",Med Educ. 2020 Aug;54(8):682-684. doi: 10.1111/medu.14191. Epub 2020 May 26.,Hautz WE,Med Educ,2020,2020/4/24,PMC7496173,,10.1111/medu.14191
36800262,An open-label randomized noninferior study of generic name and brand name of propafenone for rhythm control in patients with paroxysmal atrial fibrillation,"Chin CG, Hsieh YC, Lin WS, Lin YJ, Chiou CW, Lin TH, Huang CL, Hung Y, Lin YK, Chang SL, Yeh TC, Lee HC, Lai WT, Hsieh MH.",J Chin Med Assoc. 2023 May 1;86(5):472-478. doi: 10.1097/JCMA.0000000000000903. Epub 2023 Feb 17.,Chin CG,J Chin Med Assoc,2023,2023/2/17,,,10.1097/JCMA.0000000000000903
32635702,Effect of percutaneous coronary intervention team prenotification based on real time electrocardiogram transmission in interhospital transfer of ST elevation myocardial infarction patients: pilot trial of Preparing Revascularization Effort before Patients' Arrival via Regionalization Engagement protocol,"Jung MS, Kim YW, Lee S, Seo JS, Lee JH, Lee SC, Do HH.",Clin Exp Emerg Med. 2020 Jun;7(2):114-121. doi: 10.15441/ceem.19.077. Epub 2020 Jun 30.,Jung MS,Clin Exp Emerg Med,2020,2020/7/9,PMC7348670,,10.15441/ceem.19.077
40676621,Electrocardiographic sex index: a continuous representation of sex,"Karabayir I, Celik T, Patterson L, Butler L, Herrington D, Akbilgic O.",Biol Sex Differ. 2025 Jul 17;16(1):53. doi: 10.1186/s13293-025-00727-2.,Karabayir I,Biol Sex Differ,2025,2025/7/17,PMC12273486,,10.1186/s13293-025-00727-2
32287131,Novel Imaging Revealing Inner Dynamics for Cardiovascular Waveform Analysis via Unsupervised Manifold Learning,"Wang SC, Wu HT, Huang PH, Chang CH, Ting CK, Lin YT.",Anesth Analg. 2020 May;130(5):1244-1254. doi: 10.1213/ANE.0000000000004738.,Wang SC,Anesth Analg,2020,2020/4/15,,,10.1213/ANE.0000000000004738
31475563,Does helicopter transport delay prehospital transfer for STEMI patients in rural areas? Findings from the CRAC France PCI registry,"Hakim R, Revue E, Saint Etienne C, Marcollet P, Chassaing S, Decomis MP, Yafi W, Laure C, Gautier S, Godillon L, Akkoyun-Farinez J, Angoulvant D, Koning R, Motreff P, Grammatico-Guillon L, Rangé G.",Eur Heart J Acute Cardiovasc Care. 2020 Dec;9(8):958-965. doi: 10.1177/2048872619848976. Epub 2019 Aug 31.,Hakim R,Eur Heart J Acute Cardiovasc Care,2020,2019/9/3,,,10.1177/2048872619848976
30888216,Usefulness of heart rate recovery parameters to monitor cardiovascular adaptation in elite athletes: The impact of the type of sport,"Durmić T, Ðjelić M, Gavrilović T, Antić M, Jeremić R, Vujović A, Mihailović Z, Zdravković M.",Physiol Int. 2019 Mar 1;106(1):81-94. doi: 10.1556/2060.106.2019.03. Epub 2019 Mar 19.,Durmić T,Physiol Int,2019,2019/3/20,,,10.1556/2060.106.2019.03
28816654,Instantaneous Transfer Entropy for the Study of Cardiovascular and Cardiorespiratory Nonstationary Dynamics,"Valenza G, Faes L, Citi L, Orini M, Barbieri R.",IEEE Trans Biomed Eng. 2018 May;65(5):1077-1085. doi: 10.1109/TBME.2017.2740259. Epub 2017 Aug 15.,Valenza G,IEEE Trans Biomed Eng,2018,2017/8/18,,,10.1109/TBME.2017.2740259
31150349,I-Vector-Based Patient Adaptation of Deep Neural Networks for Automatic Heartbeat Classification,"Xu SS, Mak MW, Cheung CC.",IEEE J Biomed Health Inform. 2020 Mar;24(3):717-727. doi: 10.1109/JBHI.2019.2919732. Epub 2019 May 29.,Xu SS,IEEE J Biomed Health Inform,2020,2019/6/1,,,10.1109/JBHI.2019.2919732
35320083,QT Interval Adaptation to Heart Rate Changes in Atrial Fibrillation as a Predictor of Sudden Cardiac Death,"Martin-Yebra A, Sornmo L, Laguna P.",IEEE Trans Biomed Eng. 2022 Oct;69(10):3109-3118. doi: 10.1109/TBME.2022.3161725. Epub 2022 Sep 19.,Martin-Yebra A,IEEE Trans Biomed Eng,2022,2022/3/23,,,10.1109/TBME.2022.3161725
34077377,Heartbeats Classification Using Hybrid Time-Frequency Analysis and Transfer Learning Based on ResNet,"Zhang Y, Li J, Wei S, Zhou F, Li D.",IEEE J Biomed Health Inform. 2021 Nov;25(11):4175-4184. doi: 10.1109/JBHI.2021.3085318. Epub 2021 Nov 5.,Zhang Y,IEEE J Biomed Health Inform,2021,2021/6/2,,,10.1109/JBHI.2021.3085318
31786450,An incremental learning system for atrial fibrillation detection based on transfer learning and active learning,"Shi H, Wang H, Qin C, Zhao L, Liu C.",Comput Methods Programs Biomed. 2020 Apr;187:105219. doi: 10.1016/j.cmpb.2019.105219. Epub 2019 Nov 14.,Shi H,Comput Methods Programs Biomed,2020,2019/12/2,,,10.1016/j.cmpb.2019.105219
34770469,Convolutional Autoencoding and Gaussian Mixture Clustering for Unsupervised Beat-to-Beat Heart Rate Estimation of Electrocardiograms from Wearable Sensors,"Zhong J, Hai D, Cheng J, Jiao C, Gou S, Liu Y, Zhou H, Zhu W.",Sensors (Basel). 2021 Oct 28;21(21):7163. doi: 10.3390/s21217163.,Zhong J,Sensors (Basel),2021,2021/11/13,PMC8587957,,10.3390/s21217163
39793216,Unlocking the diagnostic potential of electrocardiograms through information transfer from cardiac magnetic resonance imaging,"Turgut Ö, Müller P, Hager P, Shit S, Starck S, Menten MJ, Martens E, Rueckert D.",Med Image Anal. 2025 Apr;101:103451. doi: 10.1016/j.media.2024.103451. Epub 2025 Jan 4.,Turgut Ö,Med Image Anal,2025,2025/1/10,,,10.1016/j.media.2024.103451
33121038,A Deep-Learning Approach to ECG Classification Based on Adversarial Domain Adaptation,"Niu L, Chen C, Liu H, Zhou S, Shu M.",Healthcare (Basel). 2020 Oct 27;8(4):437. doi: 10.3390/healthcare8040437.,Niu L,Healthcare (Basel),2020,2020/10/30,PMC7712364,,10.3390/healthcare8040437
36324292,Accelerated QT adaptation following atropine-induced heart rate increase in LQT1 patients versus healthy controls: A sign of disturbed hysteresis,"Dahlberg P, Axelsson KJ, Jensen SM, Lundahl G, Vahedi F, Perkins R, Gransberg L, Bergfeldt L.",Physiol Rep. 2022 Nov;10(21):e15487. doi: 10.14814/phy2.15487.,Dahlberg P,Physiol Rep,2022,2022/11/3,PMC9630760,,10.14814/phy2.15487
31156087,Suitable Data Representation for Abnormal Pattern Detection in Smart Home Environment,"Petnik J, Lhotska L.",Stud Health Technol Inform. 2019;261:25-30.,Petnik J,Stud Health Technol Inform,2019,2019/6/4,,,
38837931,Performance Evaluation of QT-RR Adaptation Time Lag Estimation in Exercise Stress Testing,"Perez C, Pueyo E, Martinez JP, Viik J, Sornmo L, Laguna P.",IEEE Trans Biomed Eng. 2024 Nov;71(11):3170-3180. doi: 10.1109/TBME.2024.3410008. Epub 2024 Oct 25.,Perez C,IEEE Trans Biomed Eng,2024,2024/6/5,,,10.1109/TBME.2024.3410008
34340198,Transfer learning artificial intelligence for automated detection of atrial fibrillation in patients undergoing evaluation for suspected obstructive sleep apnoea: a feasibility study,"Gahungu N, Shariar A, Playford D, Judkins C, Gabbay E.",Sleep Med. 2021 Sep;85:166-171. doi: 10.1016/j.sleep.2021.07.014. Epub 2021 Jul 17.,Gahungu N,Sleep Med,2021,2021/8/2,,,10.1016/j.sleep.2021.07.014
31042401,Lateralization of directional brain-heart information transfer during visual emotional elicitation,"Greco A, Faes L, Catrambone V, Barbieri R, Scilingo EP, Valenza G.",Am J Physiol Regul Integr Comp Physiol. 2019 Jul 1;317(1):R25-R38. doi: 10.1152/ajpregu.00151.2018. Epub 2019 May 1.,Greco A,Am J Physiol Regul Integr Comp Physiol,2019,2019/5/3,,,10.1152/ajpregu.00151.2018
33360108,Assessing the signal quality of electrocardiograms from varied acquisition sources: A generic machine learning pipeline for model generation,"Albaba A, Simões-Capela N, Wang Y, Hendriks RC, De Raedt W, Van Hoof C.",Comput Biol Med. 2021 Mar;130:104164. doi: 10.1016/j.compbiomed.2020.104164. Epub 2020 Dec 13.,Albaba A,Comput Biol Med,2021,2020/12/28,,,10.1016/j.compbiomed.2020.104164
32458088,Improved adaptation to physical stress in mice overexpressing SUR2A is associated with changes in the pattern of Q-T interval,"Sudhir R, Du Q, Sukhodub A, Jovanović S, Jovanović A.",Pflugers Arch. 2020 Jun;472(6):683-691. doi: 10.1007/s00424-020-02401-5. Epub 2020 May 27.,Sudhir R,Pflugers Arch,2020,2020/5/28,PMC7293680,,10.1007/s00424-020-02401-5
40328844,Dynamic cross-domain transfer learning for driver fatigue monitoring: multi-modal sensor fusion with adaptive real-time personalizations,"Aravinth SS, Nagamani GM, Kumar CK, Lasisi A, Naveed QN, Bhowmik A, Khan WA.",Sci Rep. 2025 May 6;15(1):15840. doi: 10.1038/s41598-025-92701-6.,Aravinth SS,Sci Rep,2025,2025/5/6,PMC12056195,,10.1038/s41598-025-92701-6
40218215,Detection of Atrial Fibrillation in Holter ECG Recordings by ECHOView Images: A Deep Transfer Learning Study,"Krasteva V, Stoyanov T, Naydenov S, Schmid R, Jekova I.",Diagnostics (Basel). 2025 Mar 28;15(7):865. doi: 10.3390/diagnostics15070865.,Krasteva V,Diagnostics (Basel),2025,2025/4/12,PMC11988734,,10.3390/diagnostics15070865
31945850,Beat-to-Beat Analysis of Vectorcardiogram by Inhomogeneous Template Adaptation,"Karisik F, Schmidt M, Baumert M.",Annu Int Conf IEEE Eng Med Biol Soc. 2019 Jul;2019:83-86. doi: 10.1109/EMBC.2019.8857436.,Karisik F,Annu Int Conf IEEE Eng Med Biol Soc,2019,2020/1/18,,,10.1109/EMBC.2019.8857436
31421276,Automated detection of diabetic subject using pre-trained 2D-CNN models with frequency spectrum images extracted from heart rate signals,"Yildirim O, Talo M, Ay B, Baloglu UB, Aydin G, Acharya UR.",Comput Biol Med. 2019 Oct;113:103387. doi: 10.1016/j.compbiomed.2019.103387. Epub 2019 Aug 9.,Yildirim O,Comput Biol Med,2019,2019/8/18,,,10.1016/j.compbiomed.2019.103387
32066803,Mechano-biological adaptation of the pulmonary artery exposed to systemic conditions,"Vanderveken E, Vastmans J, Claus P, Verbeken E, Fehervary H, Van Hoof L, Vandendriessche K, Verbrugghe P, Famaey N, Rega F.",Sci Rep. 2020 Feb 17;10(1):2724. doi: 10.1038/s41598-020-59554-7.,Vanderveken E,Sci Rep,2020,2020/2/19,PMC7026065,,10.1038/s41598-020-59554-7
38425179,A new approach for heart disease detection using Motif transform-based CWT's time-frequency images with DenseNet deep transfer learning methods,"Tekin H, Kaya Y.",Biomed Tech (Berl). 2024 Mar 4;69(4):407-417. doi: 10.1515/bmt-2023-0580. Print 2024 Aug 27.,Tekin H,Biomed Tech (Berl),2024,2024/3/1,,,10.1515/bmt-2023-0580
33348786,Automatic Classification of Myocardial Infarction Using Spline Representation of Single-Lead Derived Vectorcardiography,"Chuang YH, Huang CL, Chang WW, Chien JT.",Sensors (Basel). 2020 Dec 17;20(24):7246. doi: 10.3390/s20247246.,Chuang YH,Sensors (Basel),2020,2020/12/22,PMC7767111,,10.3390/s20247246
31344939,Vision-Based Measurement of Heart Rate from Ballistocardiographic Head Movements Using Unsupervised Clustering,"Lee H, Cho A, Lee S, Whang M.",Sensors (Basel). 2019 Jul 24;19(15):3263. doi: 10.3390/s19153263.,Lee H,Sensors (Basel),2019,2019/7/27,PMC6695981,,10.3390/s19153263
32046173,A Prototype Framework Design for Assisting the Detection of Atrial Fibrillation Using a Generic Low-Cost Biomedical Sensor,"Pérez-Valero J, Garcia-Sanchez AJ, Ruiz Marín M, Garcia-Haro J.",Sensors (Basel). 2020 Feb 7;20(3):896. doi: 10.3390/s20030896.,Pérez-Valero J,Sensors (Basel),2020,2020/2/13,PMC7038957,,10.3390/s20030896
40030280,Characterization of QT-Interval Adaptation Time Lag in Response to Sport-Induced Heart Rate Changes Measured From Wearable ECG Recordings,"Romagnoli S, Sbrollini A, Burattini L, Martinez JP, Laguna P.",IEEE Trans Biomed Eng. 2025 Apr;72(4):1363-1376. doi: 10.1109/TBME.2024.3505417. Epub 2025 Mar 21.,Romagnoli S,IEEE Trans Biomed Eng,2025,2025/3/3,,,10.1109/TBME.2024.3505417
31947130,A Direct Transform of Discrete Non-Uniform ECG to a Time-Scale Representation(),Augustyniak P.,Annu Int Conf IEEE Eng Med Biol Soc. 2019 Jul;2019:5629-5632. doi: 10.1109/EMBC.2019.8857898.,Augustyniak P,Annu Int Conf IEEE Eng Med Biol Soc,2019,2020/1/18,,,10.1109/EMBC.2019.8857898
39427423,Identifying the minimum electrode count for locating potential atrial fibrillation drivers in electrocardiographic imaging using unsupervised electrode placement,"Zhang Y, Wu J, Lian X, Li Y, Cui Y, Min X.",Comput Biol Med. 2024 Dec;183:109247. doi: 10.1016/j.compbiomed.2024.109247. Epub 2024 Oct 19.,Zhang Y,Comput Biol Med,2024,2024/10/20,,,10.1016/j.compbiomed.2024.109247
40102504,Self-supervised VICReg pre-training for Brugada ECG detection,"Ronan R, Tarabanis C, Chinitz L, Jankelson L.",Sci Rep. 2025 Mar 19;15(1):9396. doi: 10.1038/s41598-025-94130-x.,Ronan R,Sci Rep,2025,2025/3/19,PMC11920277,,10.1038/s41598-025-94130-x
